"","sub","rr","pu","rho","model"
"1","1qs0vvu9krr584a","25","low",0.059668900216581,"perc"
"2","1qs0vvu9krr584a","50","high",0.0185185185185185,"perc"
"3","1qs0vvu9krr584a","75","high",0.0610425162631429,"perc"
"4","1qs0vvu9krr584a","50","low",0.166666666666667,"perc"
"5","1qs0vvu9krr584a","75","low",0.165294924554184,"perc"
"6","1qs0vvu9krr584a","25","high",0.0555555555555556,"perc"
"7","1tq0jt4dd31u8lq","25","low",0.261322517457253,"perc"
"8","1tq0jt4dd31u8lq","50","high",0.355509830818473,"perc"
"9","1tq0jt4dd31u8lq","75","high",0.204160951074531,"perc"
"10","1tq0jt4dd31u8lq","50","low",0.20568510897729,"perc"
"11","1tq0jt4dd31u8lq","75","low",0.277777776917386,"perc"
"12","1tq0jt4dd31u8lq","25","high",0.205075445816187,"perc"
"13","22260uys7arz8j6","25","low",0.901615607376924,"perc"
"14","22260uys7arz8j6","50","high",0.831944656133042,"perc"
"15","22260uys7arz8j6","75","high",0.876162170400853,"perc"
"16","22260uys7arz8j6","50","low",0.958314281359549,"perc"
"17","22260uys7arz8j6","75","low",0.890946502057613,"perc"
"18","22260uys7arz8j6","25","high",0.895976223136717,"perc"
"19","2bqu5ktkg43fh3p","25","low",0.381115683584819,"perc"
"20","2bqu5ktkg43fh3p","50","high",0.462962962962963,"perc"
"21","2bqu5ktkg43fh3p","75","high",0.199588477366255,"perc"
"22","2bqu5ktkg43fh3p","50","low",0.154304060310037,"perc"
"23","2bqu5ktkg43fh3p","75","low",0.574988568815729,"perc"
"24","2bqu5ktkg43fh3p","25","high",0.376543209876543,"perc"
"25","2mzs709cn5dlwj2","25","low",0.81793933851547,"perc"
"26","2mzs709cn5dlwj2","50","high",0.745541838134431,"perc"
"27","2mzs709cn5dlwj2","75","high",0.796296296296296,"perc"
"28","2mzs709cn5dlwj2","50","low",0.885916780978466,"perc"
"29","2mzs709cn5dlwj2","75","low",0.845678385120205,"perc"
"30","2mzs709cn5dlwj2","25","high",0.914723365340649,"perc"
"31","2nzfnkk2uulwmkz","25","low",0.252629172382259,"perc"
"32","2nzfnkk2uulwmkz","50","high",0.410836762688615,"perc"
"33","2nzfnkk2uulwmkz","75","high",0.233272367017223,"perc"
"34","2nzfnkk2uulwmkz","50","low",0.307498856881573,"perc"
"35","2nzfnkk2uulwmkz","75","low",0.131306203322664,"perc"
"36","2nzfnkk2uulwmkz","25","high",0.56721536351166,"perc"
"37","2qu63bjtm9kxnnb","25","low",0.170781893004115,"perc"
"38","2qu63bjtm9kxnnb","50","high",0.547553726566072,"perc"
"39","2qu63bjtm9kxnnb","75","high",0.550754458161866,"perc"
"40","2qu63bjtm9kxnnb","50","low",0.329903978052126,"perc"
"41","2qu63bjtm9kxnnb","75","low",0.301097393689986,"perc"
"42","2qu63bjtm9kxnnb","25","high",0.140146319158665,"perc"
"43","2usnf1r3h88bett","25","low",0.986206370980033,"perc"
"44","2usnf1r3h88bett","50","high",0.9851394607349,"perc"
"45","2usnf1r3h88bett","75","high",0.931184270690444,"perc"
"46","2usnf1r3h88bett","50","low",0.796196567445869,"perc"
"47","2usnf1r3h88bett","75","low",0.986055836869721,"perc"
"48","2usnf1r3h88bett","25","high",0.882258802011888,"perc"
"49","34aswcgc3uv5ln0","25","low",0.989711934156379,"perc"
"50","34aswcgc3uv5ln0","50","high",0.940329218106996,"perc"
"51","34aswcgc3uv5ln0","75","high",0.907864654523304,"perc"
"52","34aswcgc3uv5ln0","50","low",0.798582533150434,"perc"
"53","34aswcgc3uv5ln0","75","low",0.602880658436214,"perc"
"54","34aswcgc3uv5ln0","25","high",0.948559671642285,"perc"
"55","35q8u5ekgfaq26g","25","low",0.997485139460448,"perc"
"56","35q8u5ekgfaq26g","50","high",0.627572016460905,"perc"
"57","35q8u5ekgfaq26g","75","high",0.279352531869197,"perc"
"58","35q8u5ekgfaq26g","50","low",0.581390032007316,"perc"
"59","35q8u5ekgfaq26g","75","low",0.240757675828549,"perc"
"60","35q8u5ekgfaq26g","25","high",0.572245084590764,"perc"
"61","3jrram86yd3uhgb","25","low",0.045496113397348,"perc"
"62","3jrram86yd3uhgb","50","high",0.58641975308642,"perc"
"63","3jrram86yd3uhgb","75","high",0.154320987654321,"perc"
"64","3jrram86yd3uhgb","50","low",0.192272519431833,"perc"
"65","3jrram86yd3uhgb","75","low",0.239368998628258,"perc"
"66","3jrram86yd3uhgb","25","high",0.117283950617284,"perc"
"67","3t9q259awsqqnjn","25","low",0.943072702331962,"perc"
"68","3t9q259awsqqnjn","50","high",0.983158055174516,"perc"
"69","3t9q259awsqqnjn","75","high",0.664609053501483,"perc"
"70","3t9q259awsqqnjn","50","low",0.833028501752782,"perc"
"71","3t9q259awsqqnjn","75","low",0.866255144033315,"perc"
"72","3t9q259awsqqnjn","25","high",0.935807549658604,"perc"
"73","4g3g9s2nj7eh7g9","25","low",0.51920438957476,"perc"
"74","4g3g9s2nj7eh7g9","50","high",0.264974851394604,"perc"
"75","4g3g9s2nj7eh7g9","75","high",0.895061101169587,"perc"
"76","4g3g9s2nj7eh7g9","50","low",0.216049382716049,"perc"
"77","4g3g9s2nj7eh7g9","75","low",0.0884773662551441,"perc"
"78","4g3g9s2nj7eh7g9","25","high",0.120332266422801,"perc"
"79","4ns4fa2xqw95lgx","25","low",0.981481481481481,"perc"
"80","4ns4fa2xqw95lgx","50","high",0.833485749123609,"perc"
"81","4ns4fa2xqw95lgx","75","high",0.945804896498519,"perc"
"82","4ns4fa2xqw95lgx","50","low",0.981481481481481,"perc"
"83","4ns4fa2xqw95lgx","75","low",0.906492912665752,"perc"
"84","4ns4fa2xqw95lgx","25","high",0.918227046840571,"perc"
"85","4tcxev3874jk89a","25","low",0.923817507493776,"perc"
"86","4tcxev3874jk89a","50","high",0.61522633744856,"perc"
"87","4tcxev3874jk89a","75","high",0.867626886145405,"perc"
"88","4tcxev3874jk89a","50","low",0.711248285322359,"perc"
"89","4tcxev3874jk89a","75","low",0.83272367017223,"perc"
"90","4tcxev3874jk89a","25","high",0.847355586038714,"perc"
"91","57znvber9kc1tnj","25","low",0.139689071787837,"perc"
"92","57znvber9kc1tnj","50","high",0.163923182441701,"perc"
"93","57znvber9kc1tnj","75","high",0.270766651425088,"perc"
"94","57znvber9kc1tnj","50","low",0.115759792714525,"perc"
"95","57znvber9kc1tnj","75","low",0.104938271636805,"perc"
"96","57znvber9kc1tnj","25","high",0.098079561042524,"perc"
"97","5cp1qjka53bl73q","25","low",0.10082304526749,"perc"
"98","5cp1qjka53bl73q","50","high",0.0985368084133516,"perc"
"99","5cp1qjka53bl73q","75","high",0.161332113975145,"perc"
"100","5cp1qjka53bl73q","50","low",0.203703703703704,"perc"
"101","5cp1qjka53bl73q","75","low",0.0543362267477729,"perc"
"102","5cp1qjka53bl73q","25","high",0.119875019051974,"perc"
"103","5jwar0bvwr53h40","25","low",0.312071330589849,"perc"
"104","5jwar0bvwr53h40","50","high",0.190748361530255,"perc"
"105","5jwar0bvwr53h40","75","high",0.501371742112483,"perc"
"106","5jwar0bvwr53h40","50","low",0.902817998611323,"perc"
"107","5jwar0bvwr53h40","75","low",0.999314128954381,"perc"
"108","5jwar0bvwr53h40","25","high",0.927983539477046,"perc"
"109","5o4n9abwu4u5bb5","25","low",0.268175582990398,"perc"
"110","5o4n9abwu4u5bb5","50","high",0.10082304526749,"perc"
"111","5o4n9abwu4u5bb5","75","high",0.176099510575831,"perc"
"112","5o4n9abwu4u5bb5","50","low",0.580932784636489,"perc"
"113","5o4n9abwu4u5bb5","75","low",0.13923182441701,"perc"
"114","5o4n9abwu4u5bb5","25","high",0.203703703703704,"perc"
"115","5pgqs0v0feqyejp","25","low",0.366483767718336,"perc"
"116","5pgqs0v0feqyejp","50","high",0.278235025148605,"perc"
"117","5pgqs0v0feqyejp","75","high",0.247904282883707,"perc"
"118","5pgqs0v0feqyejp","50","low",0.0921362520744923,"perc"
"119","5pgqs0v0feqyejp","75","low",0.250342935528121,"perc"
"120","5pgqs0v0feqyejp","25","high",0.293171772595641,"perc"
"121","6be4c2orpqft8ul","25","low",0.986968449931413,"perc"
"122","6be4c2orpqft8ul","50","high",0.978278868209265,"perc"
"123","6be4c2orpqft8ul","75","high",0.827846364883402,"perc"
"124","6be4c2orpqft8ul","50","low",0.833333124254634,"perc"
"125","6be4c2orpqft8ul","75","low",0.793095564700503,"perc"
"126","6be4c2orpqft8ul","25","high",0.892775491540924,"perc"
"127","6wyn194o3vd7jmv","25","low",0.0637860082304527,"perc"
"128","6wyn194o3vd7jmv","50","high",0.253086210677928,"perc"
"129","6wyn194o3vd7jmv","75","high",0.289666139727576,"perc"
"130","6wyn194o3vd7jmv","50","low",0.130848955951837,"perc"
"131","6wyn194o3vd7jmv","75","low",0.12185642432556,"perc"
"132","6wyn194o3vd7jmv","25","high",0.220621856424326,"perc"
"133","70kcrqfjf2xhh4m","25","low",0.911522633744856,"perc"
"134","70kcrqfjf2xhh4m","50","high",0.860006096631611,"perc"
"135","70kcrqfjf2xhh4m","75","high",0.90877914951989,"perc"
"136","70kcrqfjf2xhh4m","50","low",0.882716049382716,"perc"
"137","70kcrqfjf2xhh4m","75","low",0.849794238683128,"perc"
"138","70kcrqfjf2xhh4m","25","high",0.815500685871056,"perc"
"139","7bwng7h1w9q6djl","25","low",0.927526291723823,"perc"
"140","7bwng7h1w9q6djl","50","high",0.822664228014022,"perc"
"141","7bwng7h1w9q6djl","75","high",0.837448559670782,"perc"
"142","7bwng7h1w9q6djl","50","low",0.967306812985825,"perc"
"143","7bwng7h1w9q6djl","75","low",0.901463191586648,"perc"
"144","7bwng7h1w9q6djl","25","high",0.996570644718793,"perc"
"145","7pjw0pz87exlgmd","25","low",0.796296296200697,"perc"
"146","7pjw0pz87exlgmd","50","high",0.799954275262917,"perc"
"147","7pjw0pz87exlgmd","75","high",0.994284407864655,"perc"
"148","7pjw0pz87exlgmd","50","low",0.812757204227265,"perc"
"149","7pjw0pz87exlgmd","75","low",0.981485244834328,"perc"
"150","7pjw0pz87exlgmd","25","high",0.96369963928263,"perc"
"151","85aq8xl8ayntz3l","25","low",0.973251029666981,"perc"
"152","85aq8xl8ayntz3l","50","high",0.802240512117055,"perc"
"153","85aq8xl8ayntz3l","75","high",0.553497942387225,"perc"
"154","85aq8xl8ayntz3l","50","low",0.944444444444444,"perc"
"155","85aq8xl8ayntz3l","75","low",0.849184575522024,"perc"
"156","85aq8xl8ayntz3l","25","high",0.778463648834019,"perc"
"157","8epzoljwn0gbtge","25","low",0.722222199852041,"perc"
"158","8epzoljwn0gbtge","50","high",0.785017527815882,"perc"
"159","8epzoljwn0gbtge","75","high",0.970507544581618,"perc"
"160","8epzoljwn0gbtge","50","low",0.539780521262003,"perc"
"161","8epzoljwn0gbtge","75","low",0.87037037037037,"perc"
"162","8epzoljwn0gbtge","25","high",0.940329218106996,"perc"
"163","8es63ovt8uw2mgg","25","low",0.26588934613626,"perc"
"164","8es63ovt8uw2mgg","50","high",0.191358024691358,"perc"
"165","8es63ovt8uw2mgg","75","high",0.294238683127572,"perc"
"166","8es63ovt8uw2mgg","50","low",0.221688766956257,"perc"
"167","8es63ovt8uw2mgg","75","low",0.0892394452065234,"perc"
"168","8es63ovt8uw2mgg","25","high",0.240741367966609,"perc"
"169","8le0rzndxgpur8r","25","low",0.893689986282579,"perc"
"170","8le0rzndxgpur8r","50","high",0.956332876085963,"perc"
"171","8le0rzndxgpur8r","75","high",0.742798353909465,"perc"
"172","8le0rzndxgpur8r","50","low",0.199283645785703,"perc"
"173","8le0rzndxgpur8r","75","low",0.134659350708733,"perc"
"174","8le0rzndxgpur8r","25","high",0.228411996816203,"perc"
"175","96deaxjjts0yvax","25","low",0.821292485901539,"perc"
"176","96deaxjjts0yvax","50","high",0.894604481024234,"perc"
"177","96deaxjjts0yvax","75","high",0.901463191586648,"perc"
"178","96deaxjjts0yvax","50","low",0.952673015442918,"perc"
"179","96deaxjjts0yvax","75","low",0.900701112635269,"perc"
"180","96deaxjjts0yvax","25","high",0.826474622770919,"perc"
"181","9h1m4d4lp6ksfjt","25","low",0.988035360463344,"perc"
"182","9h1m4d4lp6ksfjt","50","high",0.748742569730224,"perc"
"183","9h1m4d4lp6ksfjt","75","high",0.858024691358025,"perc"
"184","9h1m4d4lp6ksfjt","50","low",0.55761316872428,"perc"
"185","9h1m4d4lp6ksfjt","75","low",0.911522626001332,"perc"
"186","9h1m4d4lp6ksfjt","25","high",0.848422496570645,"perc"
"187","9ho9tv1b4jdy3p6","25","low",0.947797591830514,"perc"
"188","9ho9tv1b4jdy3p6","50","high",0.952674897119342,"perc"
"189","9ho9tv1b4jdy3p6","75","high",0.992455418381344,"perc"
"190","9ho9tv1b4jdy3p6","50","low",0.722222219641047,"perc"
"191","9ho9tv1b4jdy3p6","75","low",0.91838134430727,"perc"
"192","9ho9tv1b4jdy3p6","25","high",0.92798353909465,"perc"
"193","9jfa3uck1pm1a27","25","low",0.783948944682686,"perc"
"194","9jfa3uck1pm1a27","50","high",0.919600670629477,"perc"
"195","9jfa3uck1pm1a27","75","high",0.948102423411065,"perc"
"196","9jfa3uck1pm1a27","50","low",0.919295839049317,"perc"
"197","9jfa3uck1pm1a27","75","low",0.981481481481481,"perc"
"198","9jfa3uck1pm1a27","25","high",0.919753086419753,"perc"
"199","9oe8onshjdy2khe","25","low",0.0509830818472794,"perc"
"200","9oe8onshjdy2khe","50","high",0.159807956104252,"perc"
"201","9oe8onshjdy2khe","75","high",0.134202103337906,"perc"
"202","9oe8onshjdy2khe","50","low",0.129612694541821,"perc"
"203","9oe8onshjdy2khe","75","low",0.170934308794391,"perc"
"204","9oe8onshjdy2khe","25","high",0.314814814814815,"perc"
"205","9p57f5mpldrqae2","25","low",0.96639231824417,"perc"
"206","9p57f5mpldrqae2","50","high",0.824188385916781,"perc"
"207","9p57f5mpldrqae2","75","high",0.929355281207133,"perc"
"208","9p57f5mpldrqae2","50","low",0.922953818015547,"perc"
"209","9p57f5mpldrqae2","75","low",0.668724279835391,"perc"
"210","9p57f5mpldrqae2","25","high",0.769775948788294,"perc"
"211","a39zpu2zr3xl47k","25","low",0.911522633744856,"perc"
"212","a39zpu2zr3xl47k","50","high",0.823273891175126,"perc"
"213","a39zpu2zr3xl47k","75","high",0.991032871005436,"perc"
"214","a39zpu2zr3xl47k","50","low",0.919754968096176,"perc"
"215","a39zpu2zr3xl47k","75","low",0.839277549154092,"perc"
"216","a39zpu2zr3xl47k","25","high",0.816872427983539,"perc"
"217","ajztaxb5eyxtfch","25","low",0.940329218106996,"perc"
"218","ajztaxb5eyxtfch","50","high",0.80650815424478,"perc"
"219","ajztaxb5eyxtfch","75","high",0.948254839201341,"perc"
"220","ajztaxb5eyxtfch","50","low",0.963648834019204,"perc"
"221","ajztaxb5eyxtfch","75","low",0.986053327964283,"perc"
"222","ajztaxb5eyxtfch","25","high",0.99519890260631,"perc"
"223","as5hvtlqa9ouc2z","25","low",0.689300411522634,"perc"
"224","as5hvtlqa9ouc2z","50","high",0.926611796982167,"perc"
"225","as5hvtlqa9ouc2z","75","high",0.974622770919067,"perc"
"226","as5hvtlqa9ouc2z","50","low",0.869913122999543,"perc"
"227","as5hvtlqa9ouc2z","75","low",0.883173296753544,"perc"
"228","as5hvtlqa9ouc2z","25","high",0.878600823045267,"perc"
"229","au7m9jjmgy8d4gj","25","low",0.0188233492386787,"perc"
"230","au7m9jjmgy8d4gj","50","high",0.090916018899558,"perc"
"231","au7m9jjmgy8d4gj","75","high",0.272748056698674,"perc"
"232","au7m9jjmgy8d4gj","50","low",0.246176903927247,"perc"
"233","au7m9jjmgy8d4gj","75","low",0.0148605395518976,"perc"
"234","au7m9jjmgy8d4gj","25","high",0.219097698521567,"perc"
"235","b3jqszmpuje1kzj","25","low",0.988340192043896,"perc"
"236","b3jqszmpuje1kzj","50","high",0.844307270233196,"perc"
"237","b3jqszmpuje1kzj","75","high",0.74706578705763,"perc"
"238","b3jqszmpuje1kzj","50","low",0.758039932937052,"perc"
"239","b3jqszmpuje1kzj","75","low",0.948559670686294,"perc"
"240","b3jqszmpuje1kzj","25","high",0.975994515612725,"perc"
"241","bdov3ye1qvundbp","25","low",0.601051668952904,"perc"
"242","bdov3ye1qvundbp","50","high",0.294238683127572,"perc"
"243","bdov3ye1qvundbp","75","high",0.418152720621856,"perc"
"244","bdov3ye1qvundbp","50","low",0.882258802011888,"perc"
"245","bdov3ye1qvundbp","75","low",0.249428440786465,"perc"
"246","bdov3ye1qvundbp","25","high",0.430041152263374,"perc"
"247","brsvshywlogvxcq","25","low",0.0555555555555556,"perc"
"248","brsvshywlogvxcq","50","high",0.113168724279835,"perc"
"249","brsvshywlogvxcq","75","high",0.393461362597165,"perc"
"250","brsvshywlogvxcq","50","low",0.0537265660722451,"perc"
"251","brsvshywlogvxcq","75","low",0.153711324493218,"perc"
"252","brsvshywlogvxcq","25","high",0.245313214449017,"perc"
"253","bx1xq7e3jhb986v","25","low",0.783944972254681,"perc"
"254","bx1xq7e3jhb986v","50","high",0.936671239140375,"perc"
"255","bx1xq7e3jhb986v","75","high",0.740816948635878,"perc"
"256","bx1xq7e3jhb986v","50","low",0.808184727937814,"perc"
"257","bx1xq7e3jhb986v","75","low",0.701036427373876,"perc"
"258","bx1xq7e3jhb986v","25","high",0.396204846822262,"perc"
"259","c2se350v0tr4hzv","25","low",0.965935070873342,"perc"
"260","c2se350v0tr4hzv","50","high",0.996113397347965,"perc"
"261","c2se350v0tr4hzv","75","high",0.952674897119342,"perc"
"262","c2se350v0tr4hzv","50","low",0.927982935099749,"perc"
"263","c2se350v0tr4hzv","75","low",0.996570644718793,"perc"
"264","c2se350v0tr4hzv","25","high",0.915637860082305,"perc"
"265","cavjhtxfs1z091j","25","low",0.207818930039972,"perc"
"266","cavjhtxfs1z091j","50","high",0.0674439871970736,"perc"
"267","cavjhtxfs1z091j","75","high",0.338134430727023,"perc"
"268","cavjhtxfs1z091j","50","low",0.055453945028705,"perc"
"269","cavjhtxfs1z091j","75","low",0.324417009602195,"perc"
"270","cavjhtxfs1z091j","25","high",0.159807747029094,"perc"
"271","cl4vc26ycu0woo2","25","low",0.221536351165981,"perc"
"272","cl4vc26ycu0woo2","50","high",0.415409236396891,"perc"
"273","cl4vc26ycu0woo2","75","high",0.257658893461363,"perc"
"274","cl4vc26ycu0woo2","50","low",0.203246456332876,"perc"
"275","cl4vc26ycu0woo2","75","low",0.137707666514251,"perc"
"276","cl4vc26ycu0woo2","25","high",0.147005029721079,"perc"
"277","djb1vpwld9c7hmk","25","low",0.270156988263984,"perc"
"278","djb1vpwld9c7hmk","50","high",0.158436004917792,"perc"
"279","djb1vpwld9c7hmk","75","high",0.199283645785703,"perc"
"280","djb1vpwld9c7hmk","50","low",0.353223593964335,"perc"
"281","djb1vpwld9c7hmk","75","low",0.223670172229843,"perc"
"282","djb1vpwld9c7hmk","25","high",0.364197530864198,"perc"
"283","ds2ot3x1v6q63xg","25","low",0.906035665294925,"perc"
"284","ds2ot3x1v6q63xg","50","high",0.993826533268353,"perc"
"285","ds2ot3x1v6q63xg","75","high",0.911522633744856,"perc"
"286","ds2ot3x1v6q63xg","50","low",0.938042981252858,"perc"
"287","ds2ot3x1v6q63xg","75","low",0.837448559670782,"perc"
"288","ds2ot3x1v6q63xg","25","high",0.79614388050602,"perc"
"289","dtua0nm03dd9yb7","25","low",0.13404968754763,"perc"
"290","dtua0nm03dd9yb7","50","high",0.993369913122999,"perc"
"291","dtua0nm03dd9yb7","75","high",0.489483310470965,"perc"
"292","dtua0nm03dd9yb7","50","low",0.0349794238683128,"perc"
"293","dtua0nm03dd9yb7","75","low",0.100371442925932,"perc"
"294","dtua0nm03dd9yb7","25","high",0.121551592745008,"perc"
"295","duzv7z4jux5olpv","25","low",0.98285321585044,"perc"
"296","duzv7z4jux5olpv","50","high",0.707590306355738,"perc"
"297","duzv7z4jux5olpv","75","high",0.916857186404512,"perc"
"298","duzv7z4jux5olpv","50","low",0.977366255144035,"perc"
"299","duzv7z4jux5olpv","75","low",0.988797439415904,"perc"
"300","duzv7z4jux5olpv","25","high",0.993842213809599,"perc"
"301","dvywvnh6comawyk","25","low",0.366941015089163,"perc"
"302","dvywvnh6comawyk","50","high",0.967764060356653,"perc"
"303","dvywvnh6comawyk","75","high",0.976909007773205,"perc"
"304","dvywvnh6comawyk","50","low",0.662780064014632,"perc"
"305","dvywvnh6comawyk","75","low",0.362825788751715,"perc"
"306","dvywvnh6comawyk","25","high",0.983818523599045,"perc"
"307","fehlcunq37bd57x","25","low",0.245313214449017,"perc"
"308","fehlcunq37bd57x","50","high",0.436442615454961,"perc"
"309","fehlcunq37bd57x","75","high",0.205075445816187,"perc"
"310","fehlcunq37bd57x","50","low",0.173982624599909,"perc"
"311","fehlcunq37bd57x","75","low",0.21010516689529,"perc"
"312","fehlcunq37bd57x","25","high",0.295153177869227,"perc"
"313","fq39wkqs1solhdu","25","low",0.907356602143982,"perc"
"314","fq39wkqs1solhdu","50","high",0.933470504963407,"perc"
"315","fq39wkqs1solhdu","75","high",0.48079561042524,"perc"
"316","fq39wkqs1solhdu","50","low",0.166666039441192,"perc"
"317","fq39wkqs1solhdu","75","low",0.379997967789463,"perc"
"318","fq39wkqs1solhdu","25","high",0.216049382716049,"perc"
"319","fqnkabfbs65dy5r","25","low",0.94444381721897,"perc"
"320","fqnkabfbs65dy5r","50","high",0.869913122999543,"perc"
"321","fqnkabfbs65dy5r","75","high",0.932098765400232,"perc"
"322","fqnkabfbs65dy5r","50","low",0.904663923182442,"perc"
"323","fqnkabfbs65dy5r","75","low",0.890946502057613,"perc"
"324","fqnkabfbs65dy5r","25","high",0.767489711934156,"perc"
"325","fwexbmobod79xhj","25","low",0.954808718183204,"perc"
"326","fwexbmobod79xhj","50","high",0.372885230909922,"perc"
"327","fwexbmobod79xhj","75","high",0.579561042524006,"perc"
"328","fwexbmobod79xhj","50","low",0.617969821673526,"perc"
"329","fwexbmobod79xhj","75","low",0.280673677793019,"perc"
"330","fwexbmobod79xhj","25","high",0.889574762526305,"perc"
"331","g35rvb9r3l07tgx","25","low",0.338896509678403,"perc"
"332","g35rvb9r3l07tgx","50","high",0.0692729766803841,"perc"
"333","g35rvb9r3l07tgx","75","high",0.357338820301783,"perc"
"334","g35rvb9r3l07tgx","50","low",0.179012345679012,"perc"
"335","g35rvb9r3l07tgx","75","low",0.820073159579332,"perc"
"336","g35rvb9r3l07tgx","25","high",0.68609967992684,"perc"
"337","gg80fe1zyat447z","25","low",0.973708276177412,"perc"
"338","gg80fe1zyat447z","50","high",0.965884265609917,"perc"
"339","gg80fe1zyat447z","75","high",0.191358024691358,"perc"
"340","gg80fe1zyat447z","50","low",0.926611796982167,"perc"
"341","gg80fe1zyat447z","75","low",0.202789208962049,"perc"
"342","gg80fe1zyat447z","25","high",0.951303155006859,"perc"
"343","ggkxy092ul5l6n0","25","low",0.0679012345679013,"perc"
"344","ggkxy092ul5l6n0","50","high",0.141975308641975,"perc"
"345","ggkxy092ul5l6n0","75","high",0.342249657064472,"perc"
"346","ggkxy092ul5l6n0","50","low",0.0842099332025777,"perc"
"347","ggkxy092ul5l6n0","75","low",0.0573845450388661,"perc"
"348","ggkxy092ul5l6n0","25","high",0.157064471879287,"perc"
"349","ghbypuj01msjo4h","25","low",0.522557536960829,"perc"
"350","ghbypuj01msjo4h","50","high",0.590534979423868,"perc"
"351","ghbypuj01msjo4h","75","high",0.920667581161408,"perc"
"352","ghbypuj01msjo4h","50","low",0.895061658703342,"perc"
"353","ghbypuj01msjo4h","75","low",0.270004572473708,"perc"
"354","ghbypuj01msjo4h","25","high",0.970507544581618,"perc"
"355","gnd1v5zo5x7qjad","25","low",0.862901996646852,"perc"
"356","gnd1v5zo5x7qjad","50","high",0.983767718335619,"perc"
"357","gnd1v5zo5x7qjad","75","high",0.620713305898491,"perc"
"358","gnd1v5zo5x7qjad","50","low",0.980109739368999,"perc"
"359","gnd1v5zo5x7qjad","75","low",0.808641972727467,"perc"
"360","gnd1v5zo5x7qjad","25","high",0.833790580704161,"perc"
"361","gs1p8zvs22f3u03","25","low",0.940329218106996,"perc"
"362","gs1p8zvs22f3u03","50","high",0.981481481481481,"perc"
"363","gs1p8zvs22f3u03","75","high",0.932098765432099,"perc"
"364","gs1p8zvs22f3u03","50","low",0.922496578388243,"perc"
"365","gs1p8zvs22f3u03","75","low",0.986053955189758,"perc"
"366","gs1p8zvs22f3u03","25","high",0.946273433927755,"perc"
"367","gstz99vr89krpfz","25","low",0.98559670781893,"perc"
"368","gstz99vr89krpfz","50","high",0.95633287637276,"perc"
"369","gstz99vr89krpfz","75","high",0.752400548696845,"perc"
"370","gstz99vr89krpfz","50","low",0.941700960219872,"perc"
"371","gstz99vr89krpfz","75","low",0.416323731138546,"perc"
"372","gstz99vr89krpfz","25","high",0.919753086419797,"perc"
"373","h9du65sl07e0gv9","25","low",0.341792409693644,"perc"
"374","h9du65sl07e0gv9","50","high",0.279149519890261,"perc"
"375","h9du65sl07e0gv9","75","high",0.261316872427984,"perc"
"376","h9du65sl07e0gv9","50","low",0.155235482395976,"perc"
"377","h9du65sl07e0gv9","75","low",0.0555555555555556,"perc"
"378","h9du65sl07e0gv9","25","high",0.207818930041152,"perc"
"379","hd4d44n06f6cawh","25","low",0.748285322359396,"perc"
"380","hd4d44n06f6cawh","50","high",0.853909465020576,"perc"
"381","hd4d44n06f6cawh","75","high",0.868998628257887,"perc"
"382","hd4d44n06f6cawh","50","low",0.991388507849413,"perc"
"383","hd4d44n06f6cawh","75","low",0.949931412894376,"perc"
"384","hd4d44n06f6cawh","25","high",0.953589391860997,"perc"
"385","hd9k76vgdu5mql0","25","low",0.898719707361683,"perc"
"386","hd9k76vgdu5mql0","50","high",0.228395061728395,"perc"
"387","hd9k76vgdu5mql0","75","high",0.96364882627568,"perc"
"388","hd9k76vgdu5mql0","50","low",0.117842808514962,"perc"
"389","hd9k76vgdu5mql0","75","low",0.322588020118884,"perc"
"390","hd9k76vgdu5mql0","25","high",0.201874714220393,"perc"
"391","hjgqzm1pq2mo1u7","25","low",0.187395214144185,"perc"
"392","hjgqzm1pq2mo1u7","50","high",0.524234110653864,"perc"
"393","hjgqzm1pq2mo1u7","75","high",0.490702636793172,"perc"
"394","hjgqzm1pq2mo1u7","50","low",0.852080475537266,"perc"
"395","hjgqzm1pq2mo1u7","75","low",0.164990092973632,"perc"
"396","hjgqzm1pq2mo1u7","25","high",0.423639689071788,"perc"
"397","hkdemly7qs0y8be","25","low",0.838667885992989,"perc"
"398","hkdemly7qs0y8be","50","high",0.859396433470507,"perc"
"399","hkdemly7qs0y8be","75","high",0.862139917695473,"perc"
"400","hkdemly7qs0y8be","50","low",0.99519890260631,"perc"
"401","hkdemly7qs0y8be","75","low",0.876314586191129,"perc"
"402","hkdemly7qs0y8be","25","high",0.667352537722908,"perc"
"403","hm4cdxlz8t0281v","25","low",0.845679012345679,"perc"
"404","hm4cdxlz8t0281v","50","high",0.95496113397348,"perc"
"405","hm4cdxlz8t0281v","75","high",0.710333790580704,"perc"
"406","hm4cdxlz8t0281v","50","low",0.779835390946502,"perc"
"407","hm4cdxlz8t0281v","75","low",0.853909465020576,"perc"
"408","hm4cdxlz8t0281v","25","high",0.960905342050714,"perc"
"409","hmfoy1dyl3p0oyx","25","low",0.817786922725194,"perc"
"410","hmfoy1dyl3p0oyx","50","high",0.988797439414723,"perc"
"411","hmfoy1dyl3p0oyx","75","high",0.425925925925926,"perc"
"412","hmfoy1dyl3p0oyx","50","low",0.818244170096022,"perc"
"413","hmfoy1dyl3p0oyx","75","low",0.530330742264899,"perc"
"414","hmfoy1dyl3p0oyx","25","high",0.844307270233196,"perc"
"415","hvawyrkxreuq7d8","25","low",0.974013107757963,"perc"
"416","hvawyrkxreuq7d8","50","high",0.748285322359396,"perc"
"417","hvawyrkxreuq7d8","75","high",0.989711864464659,"perc"
"418","hvawyrkxreuq7d8","50","low",0.858026573034453,"perc"
"419","hvawyrkxreuq7d8","75","low",0.398948331047097,"perc"
"420","hvawyrkxreuq7d8","25","high",0.984224965706447,"perc"
"421","jdewbyn3agn01fj","25","low",0.829219988672308,"perc"
"422","jdewbyn3agn01fj","50","high",0.388888888888889,"perc"
"423","jdewbyn3agn01fj","75","high",0.980109739368999,"perc"
"424","jdewbyn3agn01fj","50","low",0.958161865569273,"perc"
"425","jdewbyn3agn01fj","75","low",0.136488340192044,"perc"
"426","jdewbyn3agn01fj","25","high",0.844307270233196,"perc"
"427","je7gumyhw5zyax5","25","low",0.969135802469136,"perc"
"428","je7gumyhw5zyax5","50","high",0.942615454961134,"perc"
"429","je7gumyhw5zyax5","75","high",0.977366247400508,"perc"
"430","je7gumyhw5zyax5","50","low",0.992455418381344,"perc"
"431","je7gumyhw5zyax5","75","low",0.995656150837529,"perc"
"432","je7gumyhw5zyax5","25","high",0.975537265660722,"perc"
"433","jk1c41xga9cmsrf","25","low",0.944444444444444,"perc"
"434","jk1c41xga9cmsrf","50","high",0.943123507595372,"perc"
"435","jk1c41xga9cmsrf","75","high",0.931184270690444,"perc"
"436","jk1c41xga9cmsrf","50","low",0.824188385916781,"perc"
"437","jk1c41xga9cmsrf","75","low",0.612940100594422,"perc"
"438","jk1c41xga9cmsrf","25","high",0.973234093718776,"perc"
"439","jvcerddevc3rwm0","25","low",0.964563328760859,"perc"
"440","jvcerddevc3rwm0","50","high",0.932556012802926,"perc"
"441","jvcerddevc3rwm0","75","high",0.911065386374028,"perc"
"442","jvcerddevc3rwm0","50","low",0.911522633744856,"perc"
"443","jvcerddevc3rwm0","75","low",0.994284407864655,"perc"
"444","jvcerddevc3rwm0","25","high",0.843392775491541,"perc"
"445","k3j8o90rkvw7tal","25","low",0.849794238683128,"perc"
"446","k3j8o90rkvw7tal","50","high",0.796296296296296,"perc"
"447","k3j8o90rkvw7tal","75","high",0.979652491998171,"perc"
"448","k3j8o90rkvw7tal","50","low",0.997485139460448,"perc"
"449","k3j8o90rkvw7tal","75","low",0.487654320987654,"perc"
"450","k3j8o90rkvw7tal","25","high",0.944450089474894,"perc"
"451","k7xa918wsdj832n","25","low",0.880887059899406,"perc"
"452","k7xa918wsdj832n","50","high",0.906035665294925,"perc"
"453","k7xa918wsdj832n","75","high",0.611111041419392,"perc"
"454","k7xa918wsdj832n","50","low",0.598765432098765,"perc"
"455","k7xa918wsdj832n","75","low",0.971879286694101,"perc"
"456","k7xa918wsdj832n","25","high",0.960448102423411,"perc"
"457","kp5boe0z4uwwu7r","25","low",0.291037951531779,"perc"
"458","kp5boe0z4uwwu7r","50","high",0.259335467154397,"perc"
"459","kp5boe0z4uwwu7r","75","high",0.132677945435278,"perc"
"460","kp5boe0z4uwwu7r","50","low",0.257201646090535,"perc"
"461","kp5boe0z4uwwu7r","75","low",0.191409039125541,"perc"
"462","kp5boe0z4uwwu7r","25","high",0.243026977594879,"perc"
"463","ktwcurcgfv59jnc","25","low",0.546639231824417,"perc"
"464","ktwcurcgfv59jnc","50","high",0.281893004115226,"perc"
"465","ktwcurcgfv59jnc","75","high",0.398491083676269,"perc"
"466","ktwcurcgfv59jnc","50","low",0.929355281207133,"perc"
"467","ktwcurcgfv59jnc","75","low",0.727709190672153,"perc"
"468","ktwcurcgfv59jnc","25","high",0.129172382258802,"perc"
"469","kug2nygmmndpth5","25","low",0.795839048925469,"perc"
"470","kug2nygmmndpth5","50","high",0.989711934156379,"perc"
"471","kug2nygmmndpth5","75","high",0.449702789208962,"perc"
"472","kug2nygmmndpth5","50","low",0.683051364121323,"perc"
"473","kug2nygmmndpth5","75","low",0.222450845907636,"perc"
"474","kug2nygmmndpth5","25","high",0.820987654320988,"perc"
"475","l7kobq2fs7s15go","25","low",0.328532235939643,"perc"
"476","l7kobq2fs7s15go","50","high",0.240740949815899,"perc"
"477","l7kobq2fs7s15go","75","high",0.431717725956409,"perc"
"478","l7kobq2fs7s15go","50","low",0.420438957475995,"perc"
"479","l7kobq2fs7s15go","75","low",0.749657064471879,"perc"
"480","l7kobq2fs7s15go","25","high",0.936823654930651,"perc"
"481","le6z045m543xskj","25","low",0.0431553079269383,"perc"
"482","le6z045m543xskj","50","high",0.122262866432962,"perc"
"483","le6z045m543xskj","75","high",0.137385899845891,"perc"
"484","le6z045m543xskj","50","low",0.184956561499771,"perc"
"485","le6z045m543xskj","75","low",0.216049382716049,"perc"
"486","le6z045m543xskj","25","high",0.151577503429355,"perc"
"487","lnhuzvcq72odm0l","25","low",0.537037037037037,"perc"
"488","lnhuzvcq72odm0l","50","high",0.859244017680231,"perc"
"489","lnhuzvcq72odm0l","75","high",0.980109739368999,"perc"
"490","lnhuzvcq72odm0l","50","low",0.94718792866941,"perc"
"491","lnhuzvcq72odm0l","75","low",0.231595793324188,"perc"
"492","lnhuzvcq72odm0l","25","high",0.975842097241274,"perc"
"493","lq01y2l4zvsfb6u","25","low",0.710791037951532,"perc"
"494","lq01y2l4zvsfb6u","50","high",0.443301326017375,"perc"
"495","lq01y2l4zvsfb6u","75","high",0.927069044352995,"perc"
"496","lq01y2l4zvsfb6u","50","low",0.869455875628715,"perc"
"497","lq01y2l4zvsfb6u","75","low",0.969135732777402,"perc"
"498","lq01y2l4zvsfb6u","25","high",0.716571547923476,"perc"
"499","lqk83qqxe3xs6ss","25","low",0.550754458161866,"perc"
"500","lqk83qqxe3xs6ss","50","high",0.903292181069959,"perc"
"501","lqk83qqxe3xs6ss","75","high",0.37334247828075,"perc"
"502","lqk83qqxe3xs6ss","50","low",0.257201646090535,"perc"
"503","lqk83qqxe3xs6ss","75","low",0.979652491998171,"perc"
"504","lqk83qqxe3xs6ss","25","high",0.332952293857644,"perc"
"505","lucnd0k3f5h8ez4","25","low",0.79172382258802,"perc"
"506","lucnd0k3f5h8ez4","50","high",0.900548696844993,"perc"
"507","lucnd0k3f5h8ez4","75","high",0.984987044657826,"perc"
"508","lucnd0k3f5h8ez4","50","low",0.810013717421125,"perc"
"509","lucnd0k3f5h8ez4","75","low",0.741426611796982,"perc"
"510","lucnd0k3f5h8ez4","25","high",0.903309116157767,"perc"
"511","m603l2rxt7hfqax","25","low",0.944393639181019,"perc"
"512","m603l2rxt7hfqax","50","high",0.846898338667886,"perc"
"513","m603l2rxt7hfqax","75","high",0.932096883755676,"perc"
"514","m603l2rxt7hfqax","50","low",0.489940557841792,"perc"
"515","m603l2rxt7hfqax","75","low",0.944444444444444,"perc"
"516","m603l2rxt7hfqax","25","high",0.881801554641061,"perc"
"517","m72afjrfmn9ycnm","25","low",0.520576131687243,"perc"
"518","m72afjrfmn9ycnm","50","high",0.12231346262123,"perc"
"519","m72afjrfmn9ycnm","75","high",0.157978966620942,"perc"
"520","m72afjrfmn9ycnm","50","low",0.158588629782045,"perc"
"521","m72afjrfmn9ycnm","75","low",0.360082304526749,"perc"
"522","m72afjrfmn9ycnm","25","high",0.240740740740741,"perc"
"523","m8fuvpkggx3r7sw","25","low",0.442844078646548,"perc"
"524","m8fuvpkggx3r7sw","50","high",0.277777801008351,"perc"
"525","m8fuvpkggx3r7sw","75","high",0.993827160493827,"perc"
"526","m8fuvpkggx3r7sw","50","low",0.991083676268861,"perc"
"527","m8fuvpkggx3r7sw","75","low",0.203703657242557,"perc"
"528","m8fuvpkggx3r7sw","25","high",0.903290299393536,"perc"
"529","mdtwfshb8x8v70p","25","low",0.930727023319616,"perc"
"530","mdtwfshb8x8v70p","50","high",0.834705075445816,"perc"
"531","mdtwfshb8x8v70p","75","high",0.490245389422344,"perc"
"532","mdtwfshb8x8v70p","50","low",0.347736626374795,"perc"
"533","mdtwfshb8x8v70p","75","low",0.296067672610883,"perc"
"534","mdtwfshb8x8v70p","25","high",0.832876085962506,"perc"
"535","mghqo7uxufw84xb","25","low",0.2946959304984,"perc"
"536","mghqo7uxufw84xb","50","high",0.280521262002743,"perc"
"537","mghqo7uxufw84xb","75","high",0.155235482395976,"perc"
"538","mghqo7uxufw84xb","50","low",0.128257887517147,"perc"
"539","mghqo7uxufw84xb","75","low",0.209649801105287,"perc"
"540","mghqo7uxufw84xb","25","high",0.290123456790123,"perc"
"541","mmjryby874fs60o","25","low",0.808640093632219,"perc"
"542","mmjryby874fs60o","50","high",0.98264997930969,"perc"
"543","mmjryby874fs60o","75","high",0.893740791546004,"perc"
"544","mmjryby874fs60o","50","low",0.906035665294925,"perc"
"545","mmjryby874fs60o","75","low",0.873571101966164,"perc"
"546","mmjryby874fs60o","25","high",0.973251028806584,"perc"
"547","n56opcxqwcyuk97","25","low",0.270461819844536,"perc"
"548","n56opcxqwcyuk97","50","high",0.24074073988035,"perc"
"549","n56opcxqwcyuk97","75","high",0.287075140984606,"perc"
"550","n56opcxqwcyuk97","50","low",0.50960219478738,"perc"
"551","n56opcxqwcyuk97","75","low",0.131001371742113,"perc"
"552","n56opcxqwcyuk97","25","high",0.648148148148148,"perc"
"553","np2r7s44c0nxgg5","25","low",0.664609053497942,"perc"
"554","np2r7s44c0nxgg5","50","high",0.975537265660722,"perc"
"555","np2r7s44c0nxgg5","75","high",0.745999085505258,"perc"
"556","np2r7s44c0nxgg5","50","low",0.878600823045267,"perc"
"557","np2r7s44c0nxgg5","75","low",0.386145404663923,"perc"
"558","np2r7s44c0nxgg5","25","high",0.974624649153924,"perc"
"559","nrv57g0kvh6lz31","25","low",0.911505698657048,"perc"
"560","nrv57g0kvh6lz31","50","high",0.940329218117618,"perc"
"561","nrv57g0kvh6lz31","75","high",0.611111134341684,"perc"
"562","nrv57g0kvh6lz31","50","low",0.944444444444444,"perc"
"563","nrv57g0kvh6lz31","75","low",0.299725651577503,"perc"
"564","nrv57g0kvh6lz31","25","high",0.773891175125743,"perc"
"565","nvk3jd25saegh24","25","low",0.0601280292638318,"perc"
"566","nvk3jd25saegh24","50","high",0.117283950712883,"perc"
"567","nvk3jd25saegh24","75","high",0.107681755829904,"perc"
"568","nvk3jd25saegh24","50","low",0.051440329218107,"perc"
"569","nvk3jd25saegh24","75","low",0.0116598079561043,"perc"
"570","nvk3jd25saegh24","25","high",0.303383630544124,"perc"
"571","oemn8dnelyez9dr","25","low",0.307956104252401,"perc"
"572","oemn8dnelyez9dr","50","high",0.995808565767414,"perc"
"573","oemn8dnelyez9dr","75","high",0.162399024538942,"perc"
"574","oemn8dnelyez9dr","50","low",0.377000457247371,"perc"
"575","oemn8dnelyez9dr","75","low",0.850251486053955,"perc"
"576","oemn8dnelyez9dr","25","high",0.863511659807956,"perc"
"577","oeu4jokoabrwtua","25","low",0.71307727480567,"perc"
"578","oeu4jokoabrwtua","50","high",0.978737997256516,"perc"
"579","oeu4jokoabrwtua","75","high",0.921124828532236,"perc"
"580","oeu4jokoabrwtua","50","low",0.983310470964792,"perc"
"581","oeu4jokoabrwtua","75","low",0.441015089163237,"perc"
"582","oeu4jokoabrwtua","25","high",0.833333333333333,"perc"
"583","p0ptwsbjrbx9q9b","25","low",0.133440024386526,"perc"
"584","p0ptwsbjrbx9q9b","50","high",0.177945435147081,"perc"
"585","p0ptwsbjrbx9q9b","75","high",0.266499009297363,"perc"
"586","p0ptwsbjrbx9q9b","50","low",0.202789208962048,"perc"
"587","p0ptwsbjrbx9q9b","75","low",0.358253315043438,"perc"
"588","p0ptwsbjrbx9q9b","25","high",0.508230452674897,"perc"
"589","p2sp49zl9919q87","25","low",0.965020576131687,"perc"
"590","p2sp49zl9919q87","50","high",0.993776355230402,"perc"
"591","p2sp49zl9919q87","75","high",0.895061728395062,"perc"
"592","p2sp49zl9919q87","50","low",0.906797744246304,"perc"
"593","p2sp49zl9919q87","75","low",0.877229080932785,"perc"
"594","p2sp49zl9919q87","25","high",0.943529949702789,"perc"
"595","p2v49387cgj37sn","25","low",0.97599451303155,"perc"
"596","p2v49387cgj37sn","50","high",0.942615454961134,"perc"
"597","p2v49387cgj37sn","75","high",0.978890413046792,"perc"
"598","p2v49387cgj37sn","50","low",0.739597622313672,"perc"
"599","p2v49387cgj37sn","75","low",0.960905349794239,"perc"
"600","p2v49387cgj37sn","25","high",0.717192501143118,"perc"
"601","pjp6ertnjw1vb6j","25","low",0.941700960219479,"perc"
"602","pjp6ertnjw1vb6j","50","high",0.978737997256516,"perc"
"603","pjp6ertnjw1vb6j","75","high",0.808641975308642,"perc"
"604","pjp6ertnjw1vb6j","50","low",0.83196159122085,"perc"
"605","pjp6ertnjw1vb6j","75","low",0.652263374485597,"perc"
"606","pjp6ertnjw1vb6j","25","high",0.996570644718793,"perc"
"607","pojfe0tpsdoned2","25","low",0.993827160493827,"perc"
"608","pojfe0tpsdoned2","50","high",0.991998171010517,"perc"
"609","pojfe0tpsdoned2","75","high",0.594192958390489,"perc"
"610","pojfe0tpsdoned2","50","low",0.847050754458163,"perc"
"611","pojfe0tpsdoned2","75","low",0.833333960558808,"perc"
"612","pojfe0tpsdoned2","25","high",0.992455418381344,"perc"
"613","pv8gfb6dwc0u8md","25","low",0.736396890717878,"perc"
"614","pv8gfb6dwc0u8md","50","high",0.915637860082305,"perc"
"615","pv8gfb6dwc0u8md","75","high",0.814128943758573,"perc"
"616","pv8gfb6dwc0u8md","50","low",0.891860996799268,"perc"
"617","pv8gfb6dwc0u8md","75","low",0.835162322816644,"perc"
"618","pv8gfb6dwc0u8md","25","high",0.963648834019204,"perc"
"619","q4o2n439h3o4hux","25","low",0.755601280292638,"perc"
"620","q4o2n439h3o4hux","50","high",0.736854138088706,"perc"
"621","q4o2n439h3o4hux","75","high",0.955875628715135,"perc"
"622","q4o2n439h3o4hux","50","low",0.837448559670782,"perc"
"623","q4o2n439h3o4hux","75","low",0.751943301326017,"perc"
"624","q4o2n439h3o4hux","25","high",0.753772290809328,"perc"
"625","qeaducsgetncgeb","25","low",0.0185185185185185,"perc"
"626","qeaducsgetncgeb","50","high",0.141977190318398,"perc"
"627","qeaducsgetncgeb","75","high",0.0432155215724794,"perc"
"628","qeaducsgetncgeb","50","low",0.0185185185185185,"perc"
"629","qeaducsgetncgeb","75","low",0.0486949633167182,"perc"
"630","qeaducsgetncgeb","25","high",0.0555499079451113,"perc"
"631","qreecv8wv03uqw8","25","low",0.715820759030635,"perc"
"632","qreecv8wv03uqw8","50","high",0.870217954580094,"perc"
"633","qreecv8wv03uqw8","75","high",0.520576131687243,"perc"
"634","qreecv8wv03uqw8","50","low",0.849794238683128,"perc"
"635","qreecv8wv03uqw8","75","low",0.759259259259259,"perc"
"636","qreecv8wv03uqw8","25","high",0.827846364883402,"perc"
"637","qw7q50m2o58ugvl","25","low",0.299725651577503,"perc"
"638","qw7q50m2o58ugvl","50","high",0.264060356654129,"perc"
"639","qw7q50m2o58ugvl","75","high",0.196387745770462,"perc"
"640","qw7q50m2o58ugvl","50","low",0.317863130620332,"perc"
"641","qw7q50m2o58ugvl","75","low",0.364197530864198,"perc"
"642","qw7q50m2o58ugvl","25","high",0.255829903978052,"perc"
"643","r018cukle69r1bf","25","low",0.960905349794239,"perc"
"644","r018cukle69r1bf","50","high",0.852537722908093,"perc"
"645","r018cukle69r1bf","75","high",0.934385002286237,"perc"
"646","r018cukle69r1bf","50","low",0.941700960219479,"perc"
"647","r018cukle69r1bf","75","low",0.549382716049383,"perc"
"648","r018cukle69r1bf","25","high",0.969135802469267,"perc"
"649","re53t0m5rdemzxb","25","low",0.121907229588985,"perc"
"650","re53t0m5rdemzxb","50","high",0.190291114159427,"perc"
"651","re53t0m5rdemzxb","75","high",0.273205304058879,"perc"
"652","re53t0m5rdemzxb","50","low",0.22748056698674,"perc"
"653","re53t0m5rdemzxb","75","low",0.0802450319038254,"perc"
"654","re53t0m5rdemzxb","25","high",0.388584057308337,"perc"
"655","regcubm60dchcxr","25","low",0.141977190318398,"perc"
"656","regcubm60dchcxr","50","high",0.113168724279835,"perc"
"657","regcubm60dchcxr","75","high",0.0572321292485902,"perc"
"658","regcubm60dchcxr","50","low",0.112406645328456,"perc"
"659","regcubm60dchcxr","75","low",0.389346136259717,"perc"
"660","regcubm60dchcxr","25","high",0.105852766346594,"perc"
"661","rf8fvjnsk6r07uc","25","low",0.908321902149063,"perc"
"662","rf8fvjnsk6r07uc","50","high",0.995656149977138,"perc"
"663","rf8fvjnsk6r07uc","75","high",0.412208504801097,"perc"
"664","rf8fvjnsk6r07uc","50","low",0.964106081390032,"perc"
"665","rf8fvjnsk6r07uc","75","low",0.87037037037037,"perc"
"666","rf8fvjnsk6r07uc","25","high",0.638545953360768,"perc"
"667","rn0an20lmaomk57","25","low",0.944899810138849,"perc"
"668","rn0an20lmaomk57","50","high",0.909230751861448,"perc"
"669","rn0an20lmaomk57","75","high",0.864578570339887,"perc"
"670","rn0an20lmaomk57","50","low",0.71490626428898,"perc"
"671","rn0an20lmaomk57","75","low",0.820987654320988,"perc"
"672","rn0an20lmaomk57","25","high",0.910912970583752,"perc"
"673","rxol1dxl6nen4em","25","low",0.204160951074531,"perc"
"674","rxol1dxl6nen4em","50","high",0.328532235939643,"perc"
"675","rxol1dxl6nen4em","75","high",0.27030940405426,"perc"
"676","rxol1dxl6nen4em","50","low",0.303840877914952,"perc"
"677","rxol1dxl6nen4em","75","low",0.517375400091449,"perc"
"678","rxol1dxl6nen4em","25","high",0.489940557841792,"perc"
"679","ryf84f70g5thl4l","25","low",0.211934156378601,"perc"
"680","ryf84f70g5thl4l","50","high",0.334324028226209,"perc"
"681","ryf84f70g5thl4l","75","high",0.226108824874257,"perc"
"682","ryf84f70g5thl4l","50","low",0.482624599908551,"perc"
"683","ryf84f70g5thl4l","75","low",0.225499161713154,"perc"
"684","ryf84f70g5thl4l","25","high",0.388437913772805,"perc"
"685","s79rv87vd0ov68q","25","low",0.226108824874257,"perc"
"686","s79rv87vd0ov68q","50","high",0.660493827256137,"perc"
"687","s79rv87vd0ov68q","75","high",0.185871056241427,"perc"
"688","s79rv87vd0ov68q","50","low",0.150815424477976,"perc"
"689","s79rv87vd0ov68q","75","low",0.166649731578858,"perc"
"690","s79rv87vd0ov68q","25","high",0.153863740283493,"perc"
"691","s7enbyv4of56b3e","25","low",0.0171467764060357,"perc"
"692","s7enbyv4of56b3e","50","high",0.061042524005487,"perc"
"693","s7enbyv4of56b3e","75","high",0.10488746633076,"perc"
"694","s7enbyv4of56b3e","50","low",0.310716523565175,"perc"
"695","s7enbyv4of56b3e","75","low",0.230224051211706,"perc"
"696","s7enbyv4of56b3e","25","high",0.240740740740741,"perc"
"697","sh3z56uk3q0ddzd","25","low",0.404892546867855,"perc"
"698","sh3z56uk3q0ddzd","50","high",0.576817627990759,"perc"
"699","sh3z56uk3q0ddzd","75","high",0.971879286694101,"perc"
"700","sh3z56uk3q0ddzd","50","low",0.405349794238683,"perc"
"701","sh3z56uk3q0ddzd","75","low",0.858024691358025,"perc"
"702","sh3z56uk3q0ddzd","25","high",0.516918152720622,"perc"
"703","ssbsk72ruz2tdg1","25","low",0.104023776863283,"perc"
"704","ssbsk72ruz2tdg1","50","high",0.141975316289901,"perc"
"705","ssbsk72ruz2tdg1","75","high",0.209647919524463,"perc"
"706","ssbsk72ruz2tdg1","50","low",0.270004572473708,"perc"
"707","ssbsk72ruz2tdg1","75","low",0.0555555555555556,"perc"
"708","ssbsk72ruz2tdg1","25","high",0.117267015433876,"perc"
"709","swmufx7egboodpe","25","low",0.97599451303155,"perc"
"710","swmufx7egboodpe","50","high",0.66049382716045,"perc"
"711","swmufx7egboodpe","75","high",0.923411065386374,"perc"
"712","swmufx7egboodpe","50","low",0.778920896204847,"perc"
"713","swmufx7egboodpe","75","low",0.960448102423411,"perc"
"714","swmufx7egboodpe","25","high",0.91289437586088,"perc"
"715","t53tjn7r8ydtmtq","25","low",0.932098765432099,"perc"
"716","t53tjn7r8ydtmtq","50","high",0.876619417771681,"perc"
"717","t53tjn7r8ydtmtq","75","high",0.224279835390947,"perc"
"718","t53tjn7r8ydtmtq","50","low",0.411598841639994,"perc"
"719","t53tjn7r8ydtmtq","75","low",0.151120256058528,"perc"
"720","t53tjn7r8ydtmtq","25","high",0.921124828532236,"perc"
"721","tk2emgkdo0xmkfn","25","low",0.845680894022102,"perc"
"722","tk2emgkdo0xmkfn","50","high",0.778006401463192,"perc"
"723","tk2emgkdo0xmkfn","75","high",0.290580704160951,"perc"
"724","tk2emgkdo0xmkfn","50","low",0.30871818320378,"perc"
"725","tk2emgkdo0xmkfn","75","low",0.583674387185031,"perc"
"726","tk2emgkdo0xmkfn","25","high",0.973708276177412,"perc"
"727","u22e26jm4cy25av","25","low",0.317558299039781,"perc"
"728","u22e26jm4cy25av","50","high",0.584590763603109,"perc"
"729","u22e26jm4cy25av","75","high",0.952674897119342,"perc"
"730","u22e26jm4cy25av","50","low",0.826474622770919,"perc"
"731","u22e26jm4cy25av","75","low",0.905121170553269,"perc"
"732","u22e26jm4cy25av","25","high",0.988797439414723,"perc"
"733","u556z6wn629kwu5","25","low",0.253086419753087,"perc"
"734","u556z6wn629kwu5","50","high",0.277777777777779,"perc"
"735","u556z6wn629kwu5","75","high",0.240740740751363,"perc"
"736","u556z6wn629kwu5","50","low",0.109053497942387,"perc"
"737","u556z6wn629kwu5","75","low",0.17946959304984,"perc"
"738","u556z6wn629kwu5","25","high",0.242112482853224,"perc"
"739","u5kwzdtotz39jwp","25","low",0.336457857033989,"perc"
"740","u5kwzdtotz39jwp","50","high",0.306584362139918,"perc"
"741","u5kwzdtotz39jwp","75","high",0.382487425697302,"perc"
"742","u5kwzdtotz39jwp","50","low",0.0555555555555556,"perc"
"743","u5kwzdtotz39jwp","75","low",0.141975308641975,"perc"
"744","u5kwzdtotz39jwp","25","high",0.162551448072742,"perc"
"745","uaf4fed1xj02ps4","25","low",0.9541990550221,"perc"
"746","uaf4fed1xj02ps4","50","high",0.562185642432556,"perc"
"747","uaf4fed1xj02ps4","75","high",0.771604938271605,"perc"
"748","uaf4fed1xj02ps4","50","low",0.981479599805057,"perc"
"749","uaf4fed1xj02ps4","75","low",0.969135802469136,"perc"
"750","uaf4fed1xj02ps4","25","high",0.796296296296296,"perc"
"751","ug2w7q3f6pgxf6e","25","low",0.759259259259259,"perc"
"752","ug2w7q3f6pgxf6e","50","high",0.866712391403749,"perc"
"753","ug2w7q3f6pgxf6e","75","high",0.826474622770919,"perc"
"754","ug2w7q3f6pgxf6e","50","low",0.968678555098308,"perc"
"755","ug2w7q3f6pgxf6e","75","low",0.917924096936443,"perc"
"756","ug2w7q3f6pgxf6e","25","high",0.806355738454504,"perc"
"757","unp160hltucmgwb","25","low",0.995198902605916,"perc"
"758","unp160hltucmgwb","50","high",0.971879286694101,"perc"
"759","unp160hltucmgwb","75","high",0.250749377635523,"perc"
"760","unp160hltucmgwb","50","low",0.332184569876995,"perc"
"761","unp160hltucmgwb","75","low",0.998856881572931,"perc"
"762","unp160hltucmgwb","25","high",0.906950162617755,"perc"
"763","v2rgepeoz23lhyb","25","low",0.984224965706447,"perc"
"764","v2rgepeoz23lhyb","50","high",0.706675811614083,"perc"
"765","v2rgepeoz23lhyb","75","high",0.858024598403867,"perc"
"766","v2rgepeoz23lhyb","50","low",0.930727023319616,"perc"
"767","v2rgepeoz23lhyb","75","low",0.918838591678098,"perc"
"768","v2rgepeoz23lhyb","25","high",0.955416499667884,"perc"
"769","vnoz56ecccya7hk","25","low",0.126886145404664,"perc"
"770","vnoz56ecccya7hk","50","high",0.26771833561957,"perc"
"771","vnoz56ecccya7hk","75","high",0.434613625971651,"perc"
"772","vnoz56ecccya7hk","50","low",0.388888888878136,"perc"
"773","vnoz56ecccya7hk","75","low",0.190291114159427,"perc"
"774","vnoz56ecccya7hk","25","high",0.242112482853224,"perc"
"775","wey1upork0e0epr","25","low",0.0679012345679013,"perc"
"776","wey1upork0e0epr","50","high",0.0555555555555556,"perc"
"777","wey1upork0e0epr","75","high",0.142887921707207,"perc"
"778","wey1upork0e0epr","50","low",0.0884773662551441,"perc"
"779","wey1upork0e0epr","75","low",0.0183661027282427,"perc"
"780","wey1upork0e0epr","25","high",0.0555553464485311,"perc"
"781","wf4mq2s0e98ce4z","25","low",0.936213991769547,"perc"
"782","wf4mq2s0e98ce4z","50","high",0.832706735084421,"perc"
"783","wf4mq2s0e98ce4z","75","high",0.72450845907636,"perc"
"784","wf4mq2s0e98ce4z","50","low",0.800411522633745,"perc"
"785","wf4mq2s0e98ce4z","75","low",0.88957475994513,"perc"
"786","wf4mq2s0e98ce4z","25","high",0.931184270690444,"perc"
"787","ws44qtt9xen2xsl","25","low",0.712620027434842,"perc"
"788","ws44qtt9xen2xsl","50","high",0.149291266575217,"perc"
"789","ws44qtt9xen2xsl","75","high",0.226566072245085,"perc"
"790","ws44qtt9xen2xsl","50","low",0.462505715592135,"perc"
"791","ws44qtt9xen2xsl","75","low",0.376543209589746,"perc"
"792","ws44qtt9xen2xsl","25","high",0.299725651577503,"perc"
"793","wwv18727elhq22u","25","low",0.943989078750038,"perc"
"794","wwv18727elhq22u","50","high",0.746913580246913,"perc"
"795","wwv18727elhq22u","75","high",0.923868939982676,"perc"
"796","wwv18727elhq22u","50","low",0.804526748971193,"perc"
"797","wwv18727elhq22u","75","low",0.907407407439274,"perc"
"798","wwv18727elhq22u","25","high",0.797668038408779,"perc"
"799","x0nfe7hwu2yt5az","25","low",0.00525834476451763,"perc"
"800","x0nfe7hwu2yt5az","50","high",0.0679012345675079,"perc"
"801","x0nfe7hwu2yt5az","75","high",0.320759030635574,"perc"
"802","x0nfe7hwu2yt5az","50","low",0.0185185185185185,"perc"
"803","x0nfe7hwu2yt5az","75","low",0.0555555555555556,"perc"
"804","x0nfe7hwu2yt5az","25","high",0.170781893004115,"perc"
"805","x0ztn8ulz4wsjnf","25","low",0.886831275719771,"perc"
"806","x0ztn8ulz4wsjnf","50","high",0.871894528273129,"perc"
"807","x0ztn8ulz4wsjnf","75","high",0.796347101559722,"perc"
"808","x0ztn8ulz4wsjnf","50","low",0.943021897068538,"perc"
"809","x0ztn8ulz4wsjnf","75","low",0.593278463648834,"perc"
"810","x0ztn8ulz4wsjnf","25","high",0.986053955189758,"perc"
"811","x31a150jh7x0sc3","25","low",0.833333542408491,"perc"
"812","x31a150jh7x0sc3","50","high",0.842935528120713,"perc"
"813","x31a150jh7x0sc3","75","high",0.93209305071111,"perc"
"814","x31a150jh7x0sc3","50","low",0.888203017832647,"perc"
"815","x31a150jh7x0sc3","75","low",0.446042928565918,"perc"
"816","x31a150jh7x0sc3","25","high",0.22671848803536,"perc"
"817","x6cu75oy88jq32r","25","low",0.967306812985825,"perc"
"818","x6cu75oy88jq32r","50","high",0.577732053040695,"perc"
"819","x6cu75oy88jq32r","75","high",0.331123304374333,"perc"
"820","x6cu75oy88jq32r","50","low",0.347736625514403,"perc"
"821","x6cu75oy88jq32r","75","low",0.231138545953361,"perc"
"822","x6cu75oy88jq32r","25","high",0.287837219935985,"perc"
"823","y71fvh7ol8vycb2","25","low",0.915637862663479,"perc"
"824","y71fvh7ol8vycb2","50","high",0.974622770919067,"perc"
"825","y71fvh7ol8vycb2","75","high",0.993827160589412,"perc"
"826","y71fvh7ol8vycb2","50","low",0.906391302138902,"perc"
"827","y71fvh7ol8vycb2","75","low",0.232510288065844,"perc"
"828","y71fvh7ol8vycb2","25","high",0.944292028367371,"perc"
"829","zdzld8scpb2ydmo","25","low",0.173525307441763,"perc"
"830","zdzld8scpb2ydmo","50","high",0.167581161408322,"perc"
"831","zdzld8scpb2ydmo","75","high",0.18465172991922,"perc"
"832","zdzld8scpb2ydmo","50","low",0.0432098766389352,"perc"
"833","zdzld8scpb2ydmo","75","low",0.103261697911904,"perc"
"834","zdzld8scpb2ydmo","25","high",0.129646564717438,"perc"
"835","zqr31esvemh6qkz","25","low",0.898719707361683,"perc"
"836","zqr31esvemh6qkz","50","high",0.0903063557384545,"perc"
"837","zqr31esvemh6qkz","75","high",0.222908093278464,"perc"
"838","zqr31esvemh6qkz","50","low",0.284636488340192,"perc"
"839","zqr31esvemh6qkz","75","low",0.269090077732053,"perc"
"840","zqr31esvemh6qkz","25","high",0.967306812985825,"perc"
